product_key,product_id,category_id,supplier_id,product_name,cost_price,retail_price,start_dttm,end_dttm,is_active
1,1,2,1,Студийный Усилитель Передо,91831.72,134340.96,2024-02-29 03:58:41.226528,2024-08-07 03:58:41.226528,False
2,1,2,1,Студийный Усилитель Передо,102035.24,149267.73,2024-08-07 03:58:41.226528,2999-12-31 23:59:59.000000,True
3,2,3,3,Электронный Усилитель Рассуждение,5825.41,7526.8,2026-05-12 07:16:53.923266,2999-12-31 23:59:59.000000,True
4,3,4,1,Базовый Набор А,79889.52,114946.67,2025-06-27 20:30:23.574548,2999-12-31 23:59:59.000000,True
5,4,1,1,Студийный Синтезатор Ведь,70329.65,122945.05,2023-06-10 00:08:08.336176,2024-04-03 00:08:08.336176,False
6,4,1,1,Студийный Синтезатор Ведь,78144.05,136605.61,2024-04-03 00:08:08.336176,2999-12-31 23:59:59.000000,True
7,5,4,2,Базовый Комплект Командование,93962.81,169055.75,2024-12-22 06:35:54.232988,2025-05-05 06:35:54.232988,False
8,5,4,2,Базовый Комплект Командование,104403.12,187839.72,2025-05-05 06:35:54.232988,2999-12-31 23:59:59.000000,True
9,6,4,2,Электронный Инструмент Разуметься,121766.47,216809.67,2026-02-19 15:15:30.906135,2999-12-31 23:59:59.000000,True
10,7,1,5,Базовый Комплект Еврейский,133808.42,228921.75,2025-11-21 14:17:42.092968,2999-12-31 23:59:59.000000,True
11,8,2,3,Базовый Набор Район,17174.71,22680.72,2024-07-13 11:32:30.936383,2025-02-24 11:32:30.936383,False
12,8,2,3,Базовый Набор Район,19083.01,25200.8,2025-02-24 11:32:30.936383,2999-12-31 23:59:59.000000,True
13,9,5,5,Акустический Синтезатор Неожиданно,120745.6,184860.08,2025-09-25 13:54:14.229925,2999-12-31 23:59:59.000000,True
14,10,3,4,Электронный Усилитель Чувство,62208.47,89932.3,2025-12-05 11:27:51.220914,2999-12-31 23:59:59.000000,True
15,11,3,1,Электронный Синтезатор Оборот,102336.24,143957.3,2026-04-30 21:09:28.031669,2999-12-31 23:59:59.000000,True
16,12,5,2,Студийный Синтезатор Костер,75926.7,130664.31,2026-04-01 13:02:43.985766,2999-12-31 23:59:59.000000,True
17,13,3,2,Студийный Комплект Скользить,140275.94,187307.96,2025-07-15 00:33:14.409016,2999-12-31 23:59:59.000000,True
18,14,3,1,Акустический Набор Конференция,86061.16,131717.02,2023-06-18 19:31:09.297971,2023-12-12 19:31:09.297971,False
19,14,3,1,Акустический Набор Конференция,95623.51,146352.25,2023-12-12 19:31:09.297971,2999-12-31 23:59:59.000000,True
20,15,1,5,Студийный Усилитель Степь,141299.44,182631.87,2025-07-19 08:07:38.173383,2999-12-31 23:59:59.000000,True
21,16,5,3,Базовый Инструмент Чем,111564.18,135776.29,2024-02-19 14:04:01.307308,2024-11-09 14:04:01.307308,False
22,16,5,3,Базовый Инструмент Чем,123960.2,150862.55,2024-11-09 14:04:01.307308,2999-12-31 23:59:59.000000,True
23,17,3,2,Базовый Синтезатор Бок,93098.16,113409.53,2026-04-28 11:47:21.544986,2999-12-31 23:59:59.000000,True
24,18,3,4,Студийный Синтезатор Порядок,40785.89,50728.82,2024-08-07 17:42:06.085508,2025-03-07 17:42:06.085508,False
25,18,3,4,Студийный Синтезатор Порядок,45317.65,56365.36,2025-03-07 17:42:06.085508,2999-12-31 23:59:59.000000,True
26,19,4,2,Акустический Усилитель Налоговый,22406.63,38469.74,2025-09-29 14:18:49.146116,2999-12-31 23:59:59.000000,True
27,20,3,4,Студийный Комплект Жить,69958.84,88407.7,2023-07-05 00:15:31.021825,2023-11-13 00:15:31.021825,False
28,20,3,4,Студийный Комплект Жить,77732.04,98230.78,2023-11-13 00:15:31.021825,2999-12-31 23:59:59.000000,True
29,21,2,2,Профессиональный Инструмент Эффект,44241.59,63287.15,2026-04-23 21:10:49.671667,2999-12-31 23:59:59.000000,True
30,22,2,3,Базовый Комплект Сынок,29285.28,37942.17,2025-12-11 11:44:32.004427,2999-12-31 23:59:59.000000,True
31,23,3,4,Профессиональный Инструмент Поздравлять,141839.69,213222.88,2025-07-20 11:43:35.913557,2999-12-31 23:59:59.000000,True
32,24,3,1,Профессиональный Комплект Пища,74739.24,129254.32,2025-09-27 02:02:15.222938,2999-12-31 23:59:59.000000,True
33,25,5,1,Профессиональный Синтезатор Пасть,20956.31,28473.0,2026-04-09 07:01:05.796709,2999-12-31 23:59:59.000000,True
34,26,1,4,Профессиональный Усилитель Мотоцикл,76239.64,108070.78,2024-07-24 19:28:08.202945,2025-02-07 19:28:08.202945,False
35,26,1,4,Профессиональный Усилитель Мотоцикл,84710.71,120078.64,2025-02-07 19:28:08.202945,2999-12-31 23:59:59.000000,True
36,27,5,3,Базовый Усилитель Пространство,18702.84,33385.5,2025-07-07 18:28:08.337165,2999-12-31 23:59:59.000000,True
37,28,3,5,Акустический Набор Пропаганда,30659.62,46157.25,2026-02-05 16:10:46.842106,2999-12-31 23:59:59.000000,True
38,29,2,3,Электронный Усилитель Конструкция,69091.3,108041.96,2026-04-24 21:02:11.623960,2999-12-31 23:59:59.000000,True
39,30,5,3,Студийный Синтезатор Тесно,133741.57,219816.51,2023-11-10 01:07:43.782927,2024-05-14 01:07:43.782927,False
40,30,5,3,Студийный Синтезатор Тесно,148601.74,244240.57,2024-05-14 01:07:43.782927,2999-12-31 23:59:59.000000,True
41,31,5,5,Электронный Усилитель Грудь,45668.79,77155.11,2026-02-10 21:10:04.551931,2999-12-31 23:59:59.000000,True
42,32,4,5,Акустический Инструмент Применяться,89939.53,122256.45,2025-11-02 19:01:50.295536,2999-12-31 23:59:59.000000,True
43,33,5,5,Студийный Инструмент Призыв,87944.97,114531.37,2025-10-05 10:26:22.323211,2999-12-31 23:59:59.000000,True
44,34,4,2,Студийный Инструмент Смертельный,77681.67,125868.59,2024-04-15 20:41:25.678972,2024-11-13 20:41:25.678972,False
45,34,4,2,Студийный Инструмент Смертельный,86312.97,139853.99,2024-11-13 20:41:25.678972,2999-12-31 23:59:59.000000,True
46,35,2,4,Студийный Синтезатор Зарплата,75771.11,118724.75,2025-10-24 02:34:03.500314,2999-12-31 23:59:59.000000,True
47,36,1,2,Базовый Набор Вздрогнуть,84572.13,152134.58,2025-09-25 08:04:52.071009,2999-12-31 23:59:59.000000,True
48,37,2,4,Базовый Комплект Ставить,82394.71,132286.45,2025-10-17 20:34:21.365437,2999-12-31 23:59:59.000000,True
49,38,3,5,Электронный Набор Возможно,129278.94,176776.52,2023-08-09 14:51:37.434638,2024-02-01 14:51:37.434638,False
50,38,3,5,Электронный Набор Возможно,143643.27,196418.36,2024-02-01 14:51:37.434638,2999-12-31 23:59:59.000000,True
51,39,2,4,Акустический Синтезатор Блин,52971.67,93241.8,2025-11-20 05:26:36.100933,2999-12-31 23:59:59.000000,True
52,40,1,5,Базовый Синтезатор Мелькнуть,134468.31,193193.24,2025-11-19 12:29:07.942199,2999-12-31 23:59:59.000000,True
53,41,2,3,Профессиональный Комплект Тусклый,143341.74,178807.02,2026-03-03 07:54:29.668961,2999-12-31 23:59:59.000000,True
54,42,4,2,Студийный Усилитель Валюта,37258.9,57274.79,2024-07-30 01:32:03.766140,2024-12-04 01:32:03.766140,False
55,42,4,2,Студийный Усилитель Валюта,41398.78,63638.65,2024-12-04 01:32:03.766140,2999-12-31 23:59:59.000000,True
56,43,5,2,Студийный Инструмент Темнеть,100805.26,153085.38,2025-06-16 08:08:39.406992,2999-12-31 23:59:59.000000,True
57,44,4,3,Электронный Инструмент Издали,102497.61,131451.16,2025-12-18 16:33:53.653692,2999-12-31 23:59:59.000000,True
58,45,2,4,Электронный Синтезатор Мягкий,88137.24,145739.04,2023-09-28 10:10:59.083555,2024-03-19 10:10:59.083555,False
59,45,2,4,Электронный Синтезатор Мягкий,97930.27,161932.27,2024-03-19 10:10:59.083555,2999-12-31 23:59:59.000000,True
60,46,1,5,Студийный Усилитель Ложиться,99957.86,170947.92,2024-07-23 20:11:54.690402,2024-12-14 20:11:54.690402,False
61,46,1,5,Студийный Усилитель Ложиться,111064.29,189942.13,2024-12-14 20:11:54.690402,2999-12-31 23:59:59.000000,True
62,47,2,1,Электронный Синтезатор Идея,28760.43,47437.51,2026-05-09 08:58:29.646198,2999-12-31 23:59:59.000000,True
63,48,1,1,Акустический Усилитель Командование,90814.66,159567.98,2025-05-16 00:01:24.629844,2999-12-31 23:59:59.000000,True
64,49,5,5,Электронный Набор Вскинуть,115027.11,170333.58,2025-02-26 00:34:08.739783,2025-07-04 00:34:08.739783,False
65,49,5,5,Электронный Набор Вскинуть,127807.9,189259.53,2025-07-04 00:34:08.739783,2999-12-31 23:59:59.000000,True
66,50,4,3,Студийный Инструмент Строительство,110756.07,185456.68,2025-08-29 01:28:14.995299,2999-12-31 23:59:59.000000,True
67,51,2,5,Электронный Синтезатор Карандаш,77776.82,97379.9,2026-05-04 22:26:28.308939,2999-12-31 23:59:59.000000,True
68,52,2,4,Акустический Набор Выраженный,2017.69,2885.59,2025-10-29 18:10:43.620541,2999-12-31 23:59:59.000000,True
69,53,3,3,Базовый Усилитель Какой,2703.92,4305.21,2025-07-05 00:29:57.719841,2999-12-31 23:59:59.000000,True
70,54,1,4,Акустический Набор Приятель,61407.08,92203.48,2026-01-31 23:26:59.252796,2999-12-31 23:59:59.000000,True
71,55,3,1,Акустический Комплект Покинуть,83321.27,110940.37,2023-07-01 02:46:07.158406,2023-11-17 02:46:07.158406,False
72,55,3,1,Акустический Комплект Покинуть,92579.19,123267.08,2023-11-17 02:46:07.158406,2999-12-31 23:59:59.000000,True
73,56,5,3,Электронный Усилитель Конструкция,137006.74,226665.36,2025-08-31 18:56:26.726810,2999-12-31 23:59:59.000000,True
74,57,2,5,Профессиональный Усилитель Теория,60808.9,98647.83,2024-09-07 00:25:29.632019,2025-05-09 00:25:29.632019,False
75,57,2,5,Профессиональный Усилитель Теория,67565.45,109608.7,2025-05-09 00:25:29.632019,2999-12-31 23:59:59.000000,True
76,58,5,5,Студийный Усилитель Способ,80962.36,105147.62,2025-05-24 17:37:55.068342,2999-12-31 23:59:59.000000,True
77,59,2,5,Электронный Инструмент Район,121441.06,178189.21,2024-10-27 23:19:20.070195,2025-03-09 23:19:20.070195,False
78,59,2,5,Электронный Инструмент Район,134934.51,197988.01,2025-03-09 23:19:20.070195,2999-12-31 23:59:59.000000,True
79,60,4,5,Профессиональный Усилитель Порядок,69894.37,117712.55,2025-06-07 05:37:31.558635,2999-12-31 23:59:59.000000,True
80,61,1,2,Базовый Инструмент Ломать,6973.36,9809.55,2023-08-07 06:35:49.120136,2023-11-30 06:35:49.120136,False
81,61,1,2,Базовый Инструмент Ломать,7748.18,10899.5,2023-11-30 06:35:49.120136,2999-12-31 23:59:59.000000,True
82,62,1,4,Профессиональный Комплект Наслаждение,61921.17,102874.79,2025-11-17 02:00:29.271485,2999-12-31 23:59:59.000000,True
83,63,4,3,Электронный Синтезатор Оставить,130573.42,227727.93,2025-11-09 10:58:42.900524,2999-12-31 23:59:59.000000,True
84,64,5,2,Акустический Инструмент Рассуждение,27592.57,42005.69,2026-04-06 12:51:21.938385,2999-12-31 23:59:59.000000,True
85,65,2,1,Профессиональный Комплект Коричневый,69987.58,114181.68,2025-11-26 22:29:22.144202,2999-12-31 23:59:59.000000,True
86,66,2,2,Электронный Комплект Вперед,24113.08,31662.6,2025-05-24 12:30:55.544620,2999-12-31 23:59:59.000000,True
87,67,1,4,Базовый Инструмент Анализ,36859.28,45719.31,2025-11-25 16:31:45.725142,2999-12-31 23:59:59.000000,True
88,68,1,2,Профессиональный Синтезатор Промолчать,66405.46,101192.35,2025-09-08 22:06:47.652645,2999-12-31 23:59:59.000000,True
89,69,2,5,Акустический Набор Команда,122552.15,200852.0,2025-09-29 13:32:56.849989,2999-12-31 23:59:59.000000,True
90,70,3,2,Акустический Набор Светило,147868.64,223688.38,2026-02-07 12:24:38.258946,2999-12-31 23:59:59.000000,True
91,71,5,5,Студийный Синтезатор Витрина,83821.75,102944.04,2026-04-20 15:59:18.721782,2999-12-31 23:59:59.000000,True
92,72,4,5,Акустический Синтезатор Кольцо,55647.56,76789.91,2023-12-15 18:28:29.964329,2024-08-08 18:28:29.964329,False
93,72,4,5,Акустический Синтезатор Кольцо,61830.62,85322.12,2024-08-08 18:28:29.964329,2999-12-31 23:59:59.000000,True
94,73,2,3,Студийный Синтезатор Налоговый,137296.43,211083.87,2025-09-09 18:06:45.296128,2999-12-31 23:59:59.000000,True
95,74,2,4,Студийный Комплект Еврейский,31297.17,49700.64,2026-01-26 12:21:04.760008,2999-12-31 23:59:59.000000,True
96,75,1,5,Студийный Инструмент Рассуждение,41000.78,65773.58,2025-06-01 17:12:43.098874,2999-12-31 23:59:59.000000,True
97,76,2,5,Базовый Набор Смеяться,72429.74,124701.15,2025-08-05 16:49:30.402528,2999-12-31 23:59:59.000000,True
98,77,1,2,Студийный Инструмент Монета,112285.0,185562.02,2025-08-05 04:30:41.323929,2999-12-31 23:59:59.000000,True
99,78,2,4,Студийный Усилитель Сынок,48920.64,67013.23,2026-04-17 23:42:14.458311,2999-12-31 23:59:59.000000,True
100,79,3,3,Акустический Усилитель Отметить,132538.98,196105.0,2025-10-15 18:25:19.217058,2999-12-31 23:59:59.000000,True
101,80,3,2,Акустический Комплект Полностью,56408.04,86728.19,2024-12-17 14:26:21.353865,2025-05-03 14:26:21.353865,False
102,80,3,2,Акустический Комплект Полностью,62675.6,96364.66,2025-05-03 14:26:21.353865,2999-12-31 23:59:59.000000,True
103,81,5,5,Базовый Синтезатор Металл,40485.29,53348.07,2025-03-31 23:18:02.904134,2025-12-01 23:18:02.904134,False
104,81,5,5,Базовый Синтезатор Металл,44983.65,59275.63,2025-12-01 23:18:02.904134,2999-12-31 23:59:59.000000,True
105,82,4,5,Акустический Комплект Лететь,114740.73,171327.72,2026-04-08 05:16:21.593560,2999-12-31 23:59:59.000000,True
106,83,4,2,Акустический Набор Обида,19668.44,30051.95,2023-08-12 07:27:07.007558,2024-04-06 07:27:07.007558,False
107,83,4,2,Акустический Набор Обида,21853.82,33391.06,2024-04-06 07:27:07.007558,2999-12-31 23:59:59.000000,True
108,84,1,5,Профессиональный Инструмент Уточнить,141833.03,227064.66,2025-12-06 00:03:51.475453,2999-12-31 23:59:59.000000,True
109,85,2,1,Студийный Инструмент Наткнуться,30230.31,44547.55,2024-11-30 08:29:26.007968,2025-08-20 08:29:26.007968,False
110,85,2,1,Студийный Инструмент Наткнуться,33589.23,49497.28,2025-08-20 08:29:26.007968,2999-12-31 23:59:59.000000,True
111,86,5,4,Электронный Инструмент Ход,1786.72,2735.43,2025-04-22 12:32:59.900002,2025-12-13 12:32:59.900002,False
112,86,5,4,Электронный Инструмент Ход,1985.24,3039.37,2025-12-13 12:32:59.900002,2999-12-31 23:59:59.000000,True
113,87,5,3,Профессиональный Усилитель Слать,122160.43,195996.61,2025-05-24 19:22:51.187718,2999-12-31 23:59:59.000000,True
114,88,1,1,Базовый Набор Заведение,33213.92,52207.92,2024-02-07 05:15:28.981559,2024-08-15 05:15:28.981559,False
115,88,1,1,Базовый Набор Заведение,36904.36,58008.8,2024-08-15 05:15:28.981559,2999-12-31 23:59:59.000000,True
116,89,4,1,Акустический Синтезатор Помимо,69390.66,93394.61,2025-06-29 12:15:48.243876,2999-12-31 23:59:59.000000,True
117,90,1,1,Профессиональный Синтезатор Вскинуть,51759.31,79275.64,2023-07-14 03:27:56.970555,2023-10-24 03:27:56.970555,False
118,90,1,1,Профессиональный Синтезатор Вскинуть,57510.34,88084.04,2023-10-24 03:27:56.970555,2999-12-31 23:59:59.000000,True
119,91,1,4,Электронный Комплект Бабочка,76781.38,131662.87,2024-02-03 04:22:29.832386,2024-09-25 04:22:29.832386,False
120,91,1,4,Электронный Комплект Бабочка,85312.64,146292.08,2024-09-25 04:22:29.832386,2999-12-31 23:59:59.000000,True
121,92,2,2,Базовый Синтезатор Интернет,41393.16,72624.12,2026-04-18 23:51:01.199287,2999-12-31 23:59:59.000000,True
122,93,5,5,Профессиональный Набор Серьезный,139386.19,193564.32,2025-12-23 06:42:07.613575,2999-12-31 23:59:59.000000,True
123,94,4,1,Акустический Набор Головной,85029.77,130947.34,2025-06-18 02:43:54.464931,2999-12-31 23:59:59.000000,True
124,95,5,3,Электронный Набор Манера,106905.79,172501.72,2024-03-22 11:31:31.822173,2025-01-06 11:31:31.822173,False
125,95,5,3,Электронный Набор Манера,118784.21,191668.58,2025-01-06 11:31:31.822173,2999-12-31 23:59:59.000000,True
126,96,1,1,Электронный Набор Следовательно,125962.52,176896.18,2026-05-04 16:08:51.078171,2999-12-31 23:59:59.000000,True
127,97,4,3,Профессиональный Комплект Салон,105973.8,155816.48,2024-11-16 09:46:27.181104,2025-07-15 09:46:27.181104,False
128,97,4,3,Профессиональный Комплект Салон,117748.67,173129.42,2025-07-15 09:46:27.181104,2999-12-31 23:59:59.000000,True
129,98,4,2,Базовый Синтезатор Теория,13768.42,21632.52,2026-04-11 17:29:34.053396,2999-12-31 23:59:59.000000,True
130,99,1,3,Студийный Синтезатор Разводить,107039.9,169159.49,2026-04-29 08:17:13.023016,2999-12-31 23:59:59.000000,True
131,100,1,1,Профессиональный Комплект Строительство,60539.08,100301.62,2025-01-22 12:32:34.819776,2025-05-24 12:32:34.819776,False
132,100,1,1,Профессиональный Комплект Строительство,67265.64,111446.24,2025-05-24 12:32:34.819776,2999-12-31 23:59:59.000000,True
133,101,4,5,Базовый Усилитель Желание,61798.58,75132.07,2025-09-02 11:47:34.493316,2999-12-31 23:59:59.000000,True
134,102,5,3,Электронный Инструмент Багровый,40036.73,57359.82,2025-03-29 02:54:56.248770,2025-11-27 02:54:56.248770,False
135,102,5,3,Электронный Инструмент Багровый,44485.26,63733.13,2025-11-27 02:54:56.248770,2999-12-31 23:59:59.000000,True
136,103,2,5,Базовый Набор Медицина,92800.87,120798.99,2023-11-17 02:49:08.255401,2024-05-03 02:49:08.255401,False
137,103,2,5,Базовый Набор Медицина,103112.08,134221.1,2024-05-03 02:49:08.255401,2999-12-31 23:59:59.000000,True
138,104,1,2,Электронный Комплект Бак,57369.83,85511.95,2023-09-09 06:17:08.765373,2024-02-20 06:17:08.765373,False
139,104,1,2,Электронный Комплект Бак,63744.25,95013.28,2024-02-20 06:17:08.765373,2999-12-31 23:59:59.000000,True
140,105,4,5,Базовый Набор Счастье,62299.24,79823.63,2025-04-16 09:00:15.740493,2025-11-03 09:00:15.740493,False
141,105,4,5,Базовый Набор Счастье,69221.38,88692.92,2025-11-03 09:00:15.740493,2999-12-31 23:59:59.000000,True
142,106,5,4,Акустический Синтезатор Означать,50875.7,85943.57,2025-07-22 07:47:43.162799,2999-12-31 23:59:59.000000,True
143,107,2,3,Акустический Усилитель Четыре,142144.56,187703.44,2025-12-24 08:52:29.390287,2999-12-31 23:59:59.000000,True
144,108,3,3,Электронный Усилитель Роскошный,105762.76,147595.29,2024-03-03 13:17:49.659330,2024-09-19 13:17:49.659330,False
145,108,3,3,Электронный Усилитель Роскошный,117514.18,163994.77,2024-09-19 13:17:49.659330,2999-12-31 23:59:59.000000,True
146,109,5,2,Базовый Усилитель Вытаскивать,25028.24,41561.15,2023-06-19 18:52:21.865009,2024-03-31 18:52:21.865009,False
147,109,5,2,Базовый Усилитель Вытаскивать,27809.15,46179.06,2024-03-31 18:52:21.865009,2999-12-31 23:59:59.000000,True
148,110,2,4,Акустический Инструмент Очередной,123025.87,206362.87,2025-11-09 12:23:53.117515,2999-12-31 23:59:59.000000,True
149,111,3,2,Акустический Набор Разводить,96813.2,162011.66,2023-09-13 18:49:53.801677,2024-05-23 18:49:53.801677,False
150,111,3,2,Акустический Набор Разводить,107570.22,180012.96,2024-05-23 18:49:53.801677,2999-12-31 23:59:59.000000,True
151,112,4,5,Базовый Синтезатор Выдержать,82003.14,137308.73,2026-05-09 04:55:05.849252,2999-12-31 23:59:59.000000,True
152,113,5,5,Профессиональный Инструмент Успокоиться,115574.15,184290.03,2025-06-04 02:10:39.908828,2999-12-31 23:59:59.000000,True
153,114,1,5,Электронный Комплект Привлекать,130402.62,190162.67,2023-07-14 20:45:02.435602,2023-12-27 20:45:02.435602,False
154,114,1,5,Электронный Комплект Привлекать,144891.8,211291.85,2023-12-27 20:45:02.435602,2999-12-31 23:59:59.000000,True
155,115,5,5,Базовый Усилитель Оставить,33933.73,48337.64,2026-02-14 15:27:03.535453,2999-12-31 23:59:59.000000,True
156,116,5,2,Акустический Инструмент Пробовать,72932.89,100447.5,2026-04-30 05:26:44.559963,2999-12-31 23:59:59.000000,True
157,117,2,3,Акустический Комплект Изучить,68844.56,91158.49,2026-01-21 06:01:35.550252,2999-12-31 23:59:59.000000,True
158,118,4,4,Акустический Инструмент Место,41165.42,69409.49,2024-08-09 07:03:49.658069,2025-02-12 07:03:49.658069,False
159,118,4,4,Акустический Инструмент Место,45739.35,77121.65,2025-02-12 07:03:49.658069,2999-12-31 23:59:59.000000,True
160,119,2,2,Базовый Набор Спалить,83234.63,116411.44,2025-12-11 15:26:21.495775,2999-12-31 23:59:59.000000,True
161,120,4,2,Студийный Синтезатор Трясти,59941.77,98450.34,2025-06-07 07:57:15.883084,2999-12-31 23:59:59.000000,True
162,121,4,4,Профессиональный Набор Намерение,31661.89,52286.3,2025-11-16 17:40:57.076465,2999-12-31 23:59:59.000000,True
163,122,1,5,Студийный Комплект Выбирать,44614.58,65785.54,2023-10-13 07:15:41.961017,2024-05-25 07:15:41.961017,False
164,122,1,5,Студийный Комплект Выбирать,49571.75,73095.05,2024-05-25 07:15:41.961017,2999-12-31 23:59:59.000000,True
165,123,3,5,Электронный Усилитель Грустный,59489.06,75464.21,2025-07-20 18:09:22.944521,2999-12-31 23:59:59.000000,True
166,124,2,3,Базовый Усилитель Перебивать,12265.24,15704.03,2023-09-24 05:21:39.613478,2024-03-20 05:21:39.613478,False
167,124,2,3,Базовый Усилитель Перебивать,13628.04,17448.92,2024-03-20 05:21:39.613478,2999-12-31 23:59:59.000000,True
168,125,3,2,Базовый Синтезатор Миг,63317.63,81218.81,2026-03-19 12:16:21.759815,2999-12-31 23:59:59.000000,True
169,126,5,2,Базовый Набор Чувство,73956.66,94973.51,2025-08-20 20:51:43.607206,2999-12-31 23:59:59.000000,True
170,127,1,3,Профессиональный Синтезатор Серьезный,21343.67,36052.22,2025-08-25 02:06:07.672051,2999-12-31 23:59:59.000000,True
171,128,4,4,Электронный Синтезатор Совещание,96130.09,140956.61,2023-05-12 23:42:54.576648,2024-01-11 23:42:54.576648,False
172,128,4,4,Электронный Синтезатор Совещание,106811.21,156618.46,2024-01-11 23:42:54.576648,2999-12-31 23:59:59.000000,True
173,129,2,3,Профессиональный Комплект Армейский,34501.67,47377.77,2025-11-08 14:36:30.009295,2999-12-31 23:59:59.000000,True
174,130,4,5,Базовый Инструмент Изба,86334.39,117478.08,2025-10-21 13:08:02.838496,2999-12-31 23:59:59.000000,True
175,131,5,1,Электронный Усилитель Один,33562.75,48836.92,2025-11-23 15:25:53.737267,2999-12-31 23:59:59.000000,True
176,132,2,3,Профессиональный Синтезатор Тусклый,36143.52,62069.98,2023-08-14 22:00:43.621971,2023-12-22 22:00:43.621971,False
177,132,2,3,Профессиональный Синтезатор Тусклый,40159.47,68966.65,2023-12-22 22:00:43.621971,2999-12-31 23:59:59.000000,True
178,133,2,2,Базовый Комплект Счастье,129296.26,202498.25,2025-09-04 12:49:16.016753,2999-12-31 23:59:59.000000,True
179,134,2,2,Профессиональный Усилитель Тута,53271.51,72910.11,2026-04-14 12:34:39.626410,2999-12-31 23:59:59.000000,True
180,135,3,3,Базовый Комплект Тревога,142907.2,215596.8,2025-05-14 06:46:41.975005,2999-12-31 23:59:59.000000,True
181,136,2,4,Профессиональный Комплект Бровь,130190.09,166139.86,2025-10-31 05:28:00.673568,2999-12-31 23:59:59.000000,True
182,137,3,2,Электронный Синтезатор Грудь,22183.57,35037.64,2025-06-09 05:49:53.869979,2999-12-31 23:59:59.000000,True
183,138,1,1,Электронный Усилитель Цепочка,112720.56,182249.1,2025-12-20 13:57:23.166749,2999-12-31 23:59:59.000000,True
184,139,4,3,Базовый Инструмент Роса,117420.53,200589.54,2024-04-21 03:22:04.168141,2024-11-24 03:22:04.168141,False
185,139,4,3,Базовый Инструмент Роса,130467.26,222877.27,2024-11-24 03:22:04.168141,2999-12-31 23:59:59.000000,True
186,140,3,1,Базовый Синтезатор Изображать,30110.99,43895.39,2025-04-25 22:31:30.897908,2025-10-10 22:31:30.897908,False
187,140,3,1,Базовый Синтезатор Изображать,33456.66,48772.65,2025-10-10 22:31:30.897908,2999-12-31 23:59:59.000000,True
188,141,3,3,Базовый Усилитель Предоставить,20458.54,35013.84,2025-12-01 23:26:56.119864,2999-12-31 23:59:59.000000,True
189,142,1,1,Профессиональный Синтезатор Ставить,3083.33,5419.44,2025-04-24 03:14:35.965707,2025-11-26 03:14:35.965707,False
190,142,1,1,Профессиональный Синтезатор Ставить,-500.0,-1000.0,2025-11-26 03:14:35.965707,2999-12-31 23:59:59.000000,True
191,143,4,2,Студийный Комплект Пространство,22218.88,39097.12,2024-04-29 23:34:25.943457,2025-01-21 23:34:25.943457,False
192,143,4,2,Студийный Комплект Пространство,24687.64,43441.24,2025-01-21 23:34:25.943457,2999-12-31 23:59:59.000000,True
193,144,1,3,Студийный Инструмент Прелесть,60054.89,83074.26,2026-04-28 09:45:07.864558,2999-12-31 23:59:59.000000,True
194,145,1,1,Профессиональный Набор Очко,64839.78,82970.27,2025-02-01 23:18:42.075221,2025-11-02 23:18:42.075221,False
195,145,1,1,Профессиональный Набор Очко,72044.2,92189.19,2025-11-02 23:18:42.075221,2999-12-31 23:59:59.000000,True
196,146,1,3,Профессиональный Синтезатор Непривычный,93969.56,139697.04,2024-01-21 11:38:27.408940,2024-05-22 11:38:27.408940,False
197,146,1,3,Профессиональный Синтезатор Непривычный,104410.62,155218.93,2024-05-22 11:38:27.408940,2999-12-31 23:59:59.000000,True
198,147,1,1,Акустический Комплект Необычный,132267.36,169603.47,2025-09-17 20:26:18.100676,2999-12-31 23:59:59.000000,True
199,148,2,2,Профессиональный Усилитель Песенка,76437.35,119715.53,2025-04-21 15:51:06.125409,2025-10-27 15:51:06.125409,False
200,148,2,2,Профессиональный Усилитель Песенка,84930.39,133017.26,2025-10-27 15:51:06.125409,2999-12-31 23:59:59.000000,True
201,149,2,4,Базовый Синтезатор Фонарик,116220.98,145510.16,2024-07-27 21:06:44.143313,2025-05-15 21:06:44.143313,False
202,149,2,4,Базовый Синтезатор Фонарик,129134.42,161677.95,2025-05-15 21:06:44.143313,2999-12-31 23:59:59.000000,True
203,150,4,3,Электронный Комплект Собеседник,118870.42,160317.19,2025-12-02 08:03:01.589297,2999-12-31 23:59:59.000000,True
204,151,5,5,Базовый Комплект Аж,117066.48,188978.74,2025-11-14 06:29:16.750473,2999-12-31 23:59:59.000000,True
205,152,3,2,Базовый Усилитель Пища,69226.97,114134.94,2024-01-20 21:40:34.183499,2024-05-12 21:40:34.183499,False
206,152,3,2,Базовый Усилитель Пища,76918.86,126816.6,2024-05-12 21:40:34.183499,2999-12-31 23:59:59.000000,True
207,153,2,4,Электронный Инструмент Избегать,33229.06,52596.6,2023-07-09 16:08:57.762794,2023-10-20 16:08:57.762794,False
208,153,2,4,Электронный Инструмент Избегать,36921.18,58440.67,2023-10-20 16:08:57.762794,2999-12-31 23:59:59.000000,True
209,154,3,2,Электронный Усилитель Июнь,57337.8,87601.48,2024-12-22 23:29:12.707587,2025-07-30 23:29:12.707587,False
210,154,3,2,Электронный Усилитель Июнь,63708.67,97334.98,2025-07-30 23:29:12.707587,2999-12-31 23:59:59.000000,True
211,155,1,1,Базовый Инструмент Грудь,3055.22,4061.75,2026-04-04 08:49:27.415335,2999-12-31 23:59:59.000000,True
212,156,4,5,Акустический Усилитель Заработать,115299.39,167662.05,2025-08-15 13:50:57.859454,2999-12-31 23:59:59.000000,True
213,157,5,5,Студийный Комплект Правление,13455.96,16785.14,2026-02-28 21:03:58.228899,2999-12-31 23:59:59.000000,True
214,158,2,5,Акустический Синтезатор Освобождение,88379.14,146526.82,2026-01-11 18:42:17.624524,2999-12-31 23:59:59.000000,True
215,159,3,4,Студийный Инструмент Солнце,33684.73,59109.18,2024-07-25 21:03:17.253322,2025-04-07 21:03:17.253322,False
216,159,3,4,Студийный Инструмент Солнце,37427.48,65676.87,2025-04-07 21:03:17.253322,2999-12-31 23:59:59.000000,True
217,160,3,2,Профессиональный Инструмент Проход,95829.47,155329.96,2025-03-16 07:13:10.965853,2025-09-20 07:13:10.965853,False
218,160,3,2,Профессиональный Инструмент Проход,106477.19,172588.85,2025-09-20 07:13:10.965853,2999-12-31 23:59:59.000000,True
219,161,3,2,Акустический Набор Факультет,112716.68,194332.13,2026-01-03 13:47:13.744894,2999-12-31 23:59:59.000000,True
220,162,1,3,Электронный Комплект Пространство,79054.28,107337.51,2025-11-01 02:08:38.304137,2999-12-31 23:59:59.000000,True
221,163,4,4,Базовый Комплект Мелькнуть,8334.39,14298.61,2023-12-07 03:41:25.247545,2024-04-25 03:41:25.247545,False
222,163,4,4,Базовый Комплект Мелькнуть,9260.43,15887.34,2024-04-25 03:41:25.247545,2999-12-31 23:59:59.000000,True
223,164,1,5,Профессиональный Набор Трубка,111376.21,133823.09,2025-08-10 04:37:25.957398,2999-12-31 23:59:59.000000,True
224,165,1,4,Акустический Синтезатор Торговля,138113.76,180566.69,2026-03-01 00:30:30.345562,2999-12-31 23:59:59.000000,True
225,166,4,2,Акустический Набор Правление,56720.01,92576.85,2023-12-26 10:58:37.451366,2024-04-23 10:58:37.451366,False
226,166,4,2,Акустический Набор Правление,63022.23,102863.17,2024-04-23 10:58:37.451366,2999-12-31 23:59:59.000000,True
227,167,1,5,Профессиональный Набор Видимо,30829.11,46535.45,2023-12-26 15:48:47.696685,2024-07-15 15:48:47.696685,False
228,167,1,5,Профессиональный Набор Видимо,34254.57,51706.06,2024-07-15 15:48:47.696685,2999-12-31 23:59:59.000000,True
229,168,4,3,Акустический Комплект Механический,13871.44,20447.16,2025-08-21 07:38:30.711867,2999-12-31 23:59:59.000000,True
230,169,3,5,Студийный Синтезатор Куча,55872.77,99627.55,2026-05-10 14:56:39.122517,2999-12-31 23:59:59.000000,True
231,170,5,2,Студийный Инструмент Солнце,139927.23,169920.09,2025-12-19 02:04:15.351371,2999-12-31 23:59:59.000000,True
232,171,1,3,Профессиональный Синтезатор Демократия,114751.7,187771.54,2024-10-13 21:54:43.362157,2025-06-05 21:54:43.362157,False
233,171,1,3,Профессиональный Синтезатор Демократия,127501.89,208635.04,2025-06-05 21:54:43.362157,2999-12-31 23:59:59.000000,True
234,172,4,4,Профессиональный Набор Тяжелый,107036.22,134417.8,2025-07-16 11:53:34.726259,2999-12-31 23:59:59.000000,True
235,173,5,4,Акустический Синтезатор Товар,131587.79,164608.62,2024-06-10 02:42:37.519994,2024-10-22 02:42:37.519994,False
236,173,5,4,Акустический Синтезатор Товар,146208.66,182898.47,2024-10-22 02:42:37.519994,2999-12-31 23:59:59.000000,True
237,174,4,1,Базовый Усилитель Металл,9252.14,14779.97,2023-10-12 14:24:44.443536,2024-04-03 14:24:44.443536,False
238,174,4,1,Базовый Усилитель Металл,10280.15,16422.19,2024-04-03 14:24:44.443536,2999-12-31 23:59:59.000000,True
239,175,3,4,Акустический Комплект При,68460.92,91749.05,2025-10-03 04:26:01.186939,2999-12-31 23:59:59.000000,True
240,176,5,1,Студийный Инструмент Порода,25491.87,37718.61,2026-02-16 14:39:17.219783,2999-12-31 23:59:59.000000,True
241,177,2,4,Акустический Синтезатор Бетонный,36437.56,46346.69,2024-10-28 04:30:26.449021,2025-07-30 04:30:26.449021,False
242,177,2,4,Акустический Синтезатор Бетонный,40486.18,51496.32,2025-07-30 04:30:26.449021,2999-12-31 23:59:59.000000,True
243,178,5,1,Студийный Комплект Прелесть,23100.25,37577.05,2025-11-16 01:04:20.466702,2999-12-31 23:59:59.000000,True
244,179,1,3,Акустический Набор Пропаганда,5631.23,8123.81,2026-03-08 04:23:25.480686,2999-12-31 23:59:59.000000,True
245,180,2,1,Электронный Инструмент Посидеть,108702.56,139560.59,2024-02-28 15:15:29.221492,2024-12-23 15:15:29.221492,False
246,180,2,1,Электронный Инструмент Посидеть,120780.62,155067.32,2024-12-23 15:15:29.221492,2999-12-31 23:59:59.000000,True
247,181,2,2,Электронный Комплект Мотоцикл,92930.85,163794.8,2023-12-02 12:16:22.805812,2024-08-08 12:16:22.805812,False
248,181,2,2,Электронный Комплект Мотоцикл,103256.5,181994.22,2024-08-08 12:16:22.805812,2999-12-31 23:59:59.000000,True
249,182,1,1,Профессиональный Набор Призыв,121924.73,178748.82,2024-09-30 10:06:10.778950,2025-04-02 10:06:10.778950,False
250,182,1,1,Профессиональный Набор Призыв,135471.92,198609.8,2025-04-02 10:06:10.778950,2999-12-31 23:59:59.000000,True
251,183,4,1,Студийный Усилитель Порт,65540.3,107136.01,2026-01-08 11:45:56.219563,2999-12-31 23:59:59.000000,True
252,184,4,2,Акустический Набор Помимо,136337.33,186098.96,2025-11-25 19:29:54.234546,2999-12-31 23:59:59.000000,True
253,185,5,5,Базовый Набор Рассуждение,97444.48,146101.92,2025-10-02 11:39:18.369417,2999-12-31 23:59:59.000000,True
254,186,1,3,Электронный Набор Что,63465.99,100631.14,2025-12-20 12:01:30.698672,2999-12-31 23:59:59.000000,True
255,187,5,1,Электронный Комплект Художественный,72472.98,120947.33,2025-06-14 11:24:57.305785,2999-12-31 23:59:59.000000,True
256,188,3,4,Акустический Набор Райком,4395.04,6848.66,2024-02-16 01:39:06.393272,2024-12-11 01:39:06.393272,False
257,188,3,4,Акустический Набор Райком,4883.38,7609.62,2024-12-11 01:39:06.393272,2999-12-31 23:59:59.000000,True
258,189,4,5,Акустический Усилитель Запеть,134947.13,240798.03,2024-03-27 09:15:57.609810,2024-12-20 09:15:57.609810,False
259,189,4,5,Акустический Усилитель Запеть,149941.26,267553.37,2024-12-20 09:15:57.609810,2999-12-31 23:59:59.000000,True
260,190,5,1,Студийный Усилитель Запретить,127129.26,213378.12,2025-07-26 21:09:07.134731,2999-12-31 23:59:59.000000,True
261,191,2,2,Студийный Усилитель Наслаждение,48382.65,79486.07,2026-01-31 05:54:09.340196,2999-12-31 23:59:59.000000,True
262,192,3,5,Базовый Набор Расстегнуть,84903.22,111472.85,2026-01-30 16:23:10.479669,2999-12-31 23:59:59.000000,True
263,193,4,5,Акустический Набор Вперед,66667.53,83611.38,2023-10-06 02:03:22.370072,2024-03-10 02:03:22.370072,False
264,193,4,5,Акустический Набор Вперед,74075.03,92901.53,2024-03-10 02:03:22.370072,2999-12-31 23:59:59.000000,True
265,194,4,1,Акустический Усилитель Невыносимый,31018.19,39650.36,2025-07-20 18:07:21.931873,2999-12-31 23:59:59.000000,True
266,195,3,1,Профессиональный Набор Выкинуть,88404.77,154737.92,2025-08-29 23:17:57.867941,2999-12-31 23:59:59.000000,True
267,196,3,1,Акустический Синтезатор Роскошный,88316.48,123814.11,2025-05-19 22:52:55.691000,2999-12-31 23:59:59.000000,True
268,197,4,4,Акустический Набор Руководитель,106370.26,163510.92,2025-11-13 15:58:59.577966,2999-12-31 23:59:59.000000,True
269,198,3,2,Базовый Набор Другой,51641.31,84712.25,2024-11-19 14:45:46.631999,2025-04-13 14:45:46.631999,False
270,198,3,2,Базовый Набор Другой,57379.23,94124.72,2025-04-13 14:45:46.631999,2999-12-31 23:59:59.000000,True
271,199,5,4,Базовый Инструмент Хлеб,28130.18,39127.12,2025-10-17 04:34:05.359648,2999-12-31 23:59:59.000000,True
272,200,5,1,Электронный Набор Опасность,50344.1,62763.18,2025-11-13 01:36:37.556397,2999-12-31 23:59:59.000000,True
273,201,1,3,Электронный Инструмент Носок,36464.99,49217.69,2024-07-27 22:52:31.214813,2025-01-08 22:52:31.214813,False
274,201,1,3,Электронный Инструмент Носок,40516.65,54686.32,2025-01-08 22:52:31.214813,2999-12-31 23:59:59.000000,True
275,202,1,1,Электронный Синтезатор Поставить,110155.09,196237.01,2026-05-09 20:52:46.319494,2999-12-31 23:59:59.000000,True
276,203,4,3,Базовый Синтезатор Опасность,16112.86,23971.0,2025-12-16 07:13:19.835854,2999-12-31 23:59:59.000000,True
277,204,2,2,Электронный Инструмент Опасность,108071.99,131852.98,2025-04-27 02:24:58.015701,2025-10-10 02:24:58.015701,False
278,204,2,2,Электронный Инструмент Опасность,120079.99,146503.31,2025-10-10 02:24:58.015701,2999-12-31 23:59:59.000000,True
279,205,1,3,Студийный Синтезатор Важный,24974.77,31093.62,2025-06-24 07:34:41.394674,2999-12-31 23:59:59.000000,True
280,206,3,5,Базовый Синтезатор Пересечь,105971.19,154590.14,2025-12-23 01:51:05.238514,2999-12-31 23:59:59.000000,True
281,207,4,2,Профессиональный Инструмент Механический,50333.09,89826.4,2026-03-14 21:02:55.847486,2999-12-31 23:59:59.000000,True
282,208,5,3,Акустический Комплект Провал,36394.69,44757.51,2026-01-20 10:16:02.212939,2999-12-31 23:59:59.000000,True
283,209,2,1,Акустический Инструмент Тревога,64713.29,89092.71,2026-05-05 00:07:52.787609,2999-12-31 23:59:59.000000,True
284,210,2,1,Профессиональный Набор Тусклый,23808.6,32738.9,2023-10-22 08:29:19.245087,2024-02-28 08:29:19.245087,False
285,210,2,1,Профессиональный Набор Тусклый,26454.0,36376.55,2024-02-28 08:29:19.245087,2999-12-31 23:59:59.000000,True
286,211,4,4,Электронный Комплект Прежде,13121.45,20029.57,2023-10-05 19:07:28.391786,2024-04-19 19:07:28.391786,False
287,211,4,4,Электронный Комплект Прежде,14579.39,22255.08,2024-04-19 19:07:28.391786,2999-12-31 23:59:59.000000,True
288,212,4,1,Акустический Синтезатор Заведение,63264.28,84504.96,2025-03-08 00:06:53.843000,2025-07-01 00:06:53.843000,False
289,212,4,1,Акустический Синтезатор Заведение,70293.64,93894.4,2025-07-01 00:06:53.843000,2999-12-31 23:59:59.000000,True
290,213,1,1,Акустический Усилитель Кидать,56415.61,93304.31,2024-02-21 15:57:44.383551,2024-06-15 15:57:44.383551,False
291,213,1,1,Акустический Усилитель Кидать,62684.01,103671.46,2024-06-15 15:57:44.383551,2999-12-31 23:59:59.000000,True
292,214,5,4,Базовый Синтезатор Развитый,77700.99,104226.96,2023-07-22 05:36:00.640786,2024-02-08 05:36:00.640786,False
293,214,5,4,Базовый Синтезатор Развитый,86334.43,115807.73,2024-02-08 05:36:00.640786,2999-12-31 23:59:59.000000,True
294,215,1,5,Базовый Усилитель Домашний,120267.1,193211.61,2025-08-21 02:15:22.944725,2999-12-31 23:59:59.000000,True
295,216,4,2,Студийный Набор Художественный,121460.65,154948.76,2025-12-03 06:15:09.099372,2999-12-31 23:59:59.000000,True
296,217,4,2,Студийный Усилитель Расстегнуть,39425.07,68855.2,2025-07-10 22:38:18.775990,2999-12-31 23:59:59.000000,True
297,218,4,5,Электронный Усилитель Какой,49592.89,67730.03,2025-08-08 10:00:44.589146,2999-12-31 23:59:59.000000,True
298,219,5,5,Базовый Синтезатор Означать,17765.31,22913.44,2025-06-24 23:32:07.408530,2999-12-31 23:59:59.000000,True
299,220,1,1,Базовый Инструмент Угодный,118076.1,203148.18,2026-01-07 01:48:34.931623,2999-12-31 23:59:59.000000,True
300,221,3,4,Электронный Усилитель Мучительно,82561.82,100930.13,2023-12-14 14:43:30.624779,2024-04-28 14:43:30.624779,False
301,221,3,4,Электронный Усилитель Мучительно,91735.36,112144.59,2024-04-28 14:43:30.624779,2999-12-31 23:59:59.000000,True
302,222,4,1,Электронный Комплект Эффект,103886.55,127736.26,2026-02-28 03:07:43.398212,2999-12-31 23:59:59.000000,True
303,223,3,1,Акустический Комплект Шлем,47331.45,80733.63,2026-05-08 04:27:16.375497,2999-12-31 23:59:59.000000,True
304,224,2,2,Акустический Синтезатор Изучить,116330.6,161992.8,2025-05-19 00:18:19.335137,2999-12-31 23:59:59.000000,True
305,225,1,2,Электронный Набор Счастье,137101.49,198015.99,2025-12-17 18:37:32.163279,2999-12-31 23:59:59.000000,True
306,226,3,1,Базовый Набор Мрачно,10776.93,17520.5,2026-01-15 01:58:46.284416,2999-12-31 23:59:59.000000,True
307,227,5,5,Профессиональный Набор Иной,29721.75,50519.78,2025-11-02 18:34:23.328332,2999-12-31 23:59:59.000000,True
308,228,4,1,Акустический Набор Труп,41822.65,70851.91,2025-09-22 02:51:02.174366,2999-12-31 23:59:59.000000,True
309,229,1,1,Студийный Комплект Монета,73829.22,108356.35,2025-08-28 14:43:59.203930,2999-12-31 23:59:59.000000,True
310,230,5,3,Акустический Набор Витрина,125810.41,170497.76,2026-01-22 10:12:02.860817,2999-12-31 23:59:59.000000,True
311,231,1,4,Профессиональный Набор Вывести,115397.44,192471.17,2023-06-23 08:20:42.115271,2023-11-26 08:20:42.115271,False
312,231,1,4,Профессиональный Набор Вывести,128219.38,213856.86,2023-11-26 08:20:42.115271,2999-12-31 23:59:59.000000,True
313,232,2,3,Электронный Усилитель Полоска,-500.0,-1000.0,2026-01-15 08:46:39.952495,2999-12-31 23:59:59.000000,True
314,233,2,2,Базовый Инструмент За,34341.73,53745.02,2026-02-18 13:56:58.637317,2999-12-31 23:59:59.000000,True
315,234,3,4,Электронный Комплект Исполнять,69390.7,92353.85,2026-01-01 08:50:30.231992,2999-12-31 23:59:59.000000,True
316,235,5,4,Базовый Инструмент Правильный,2094.79,3769.9,2025-06-10 14:22:09.995903,2999-12-31 23:59:59.000000,True
317,236,5,5,Базовый Комплект Встать,40925.62,51765.29,2023-06-28 07:52:47.145369,2023-12-15 07:52:47.145369,False
318,236,5,5,Базовый Комплект Встать,45472.91,57516.99,2023-12-15 07:52:47.145369,2999-12-31 23:59:59.000000,True
319,237,3,3,Акустический Набор Потрясти,23339.47,38726.82,2026-02-08 20:05:56.377030,2999-12-31 23:59:59.000000,True
320,238,5,4,Акустический Набор Провал,108471.2,172820.69,2025-12-23 23:21:12.123361,2999-12-31 23:59:59.000000,True
321,239,4,4,Электронный Инструмент Художественный,87870.53,157890.36,2026-02-02 17:40:58.544915,2999-12-31 23:59:59.000000,True
322,240,2,5,Электронный Комплект Цвет,76589.91,130758.24,2025-08-19 20:38:52.602541,2999-12-31 23:59:59.000000,True
323,241,2,3,Профессиональный Синтезатор Сбросить,20063.68,27190.12,2026-02-25 22:06:41.351438,2999-12-31 23:59:59.000000,True
324,242,2,3,Профессиональный Набор Товар,53937.23,88809.05,2025-09-30 22:20:46.394512,2999-12-31 23:59:59.000000,True
325,243,3,3,Акустический Усилитель Выражаться,44813.62,76663.93,2025-06-29 17:11:20.926541,2999-12-31 23:59:59.000000,True
326,244,5,5,Базовый Инструмент Выражаться,64224.66,84566.29,2023-09-21 06:25:10.231542,2024-06-21 06:25:10.231542,False
327,244,5,5,Базовый Инструмент Выражаться,71360.73,93962.55,2024-06-21 06:25:10.231542,2999-12-31 23:59:59.000000,True
328,245,3,4,Профессиональный Набор Степь,21467.42,28340.81,2026-01-24 05:08:42.167351,2999-12-31 23:59:59.000000,True
329,246,4,2,Акустический Набор Цвет,117062.24,174721.07,2025-09-26 17:01:21.764036,2999-12-31 23:59:59.000000,True
330,247,1,1,Электронный Комплект Монета,32197.97,53581.46,2025-09-22 02:21:22.938918,2999-12-31 23:59:59.000000,True
331,248,1,2,Базовый Синтезатор Равнодушный,95389.64,137555.3,2025-05-17 09:02:04.275177,2999-12-31 23:59:59.000000,True
332,249,1,5,Студийный Комплект Конференция,142560.22,247371.04,2025-09-29 19:00:32.495465,2999-12-31 23:59:59.000000,True
333,250,1,1,Студийный Набор Бетонный,93901.67,132083.02,2024-06-06 10:55:43.400590,2024-12-21 10:55:43.400590,False
334,250,1,1,Студийный Набор Бетонный,104335.19,146758.91,2024-12-21 10:55:43.400590,2999-12-31 23:59:59.000000,True
335,251,3,2,Профессиональный Инструмент Вздрагивать,45432.14,62446.33,2025-06-28 19:00:22.012372,2999-12-31 23:59:59.000000,True
336,252,3,4,Студийный Комплект Оборот,149424.7,223256.52,2026-03-05 07:54:06.147378,2999-12-31 23:59:59.000000,True
337,253,4,1,Студийный Набор Руководитель,109348.16,139826.06,2025-10-23 04:31:03.962717,2999-12-31 23:59:59.000000,True
338,254,2,1,Акустический Инструмент Находить,56903.67,90146.38,2026-04-08 14:57:45.935740,2999-12-31 23:59:59.000000,True
339,255,5,1,Профессиональный Инструмент Спичка,8187.02,10393.21,2025-10-05 23:18:12.533137,2999-12-31 23:59:59.000000,True
340,256,3,4,Студийный Набор Деловой,104583.61,165052.47,2026-04-16 09:28:13.394076,2999-12-31 23:59:59.000000,True
341,257,5,3,Базовый Усилитель Полевой,105408.23,152978.48,2025-10-03 01:55:51.181328,2999-12-31 23:59:59.000000,True
342,258,5,1,Акустический Инструмент Опасность,117929.25,176733.9,2025-10-04 02:57:54.004870,2999-12-31 23:59:59.000000,True
343,259,5,2,Акустический Синтезатор Прелесть,45007.33,55072.92,2025-10-17 21:50:17.400326,2999-12-31 23:59:59.000000,True
344,260,4,3,Студийный Инструмент Экзамен,2609.69,3271.0,2024-02-07 21:47:25.138111,2024-10-10 21:47:25.138111,False
345,260,4,3,Студийный Инструмент Экзамен,2899.66,3634.44,2024-10-10 21:47:25.138111,2999-12-31 23:59:59.000000,True
346,261,2,1,Базовый Инструмент Неожиданно,97929.88,123467.48,2024-10-27 20:36:07.768433,2025-04-04 20:36:07.768433,False
347,261,2,1,Базовый Инструмент Неожиданно,108810.98,137186.09,2025-04-04 20:36:07.768433,2999-12-31 23:59:59.000000,True
348,262,3,3,Электронный Инструмент Некоторый,14284.38,18638.56,2024-08-23 05:10:02.420990,2025-02-13 05:10:02.420990,False
349,262,3,3,Электронный Инструмент Некоторый,15871.53,20709.51,2025-02-13 05:10:02.420990,2999-12-31 23:59:59.000000,True
350,263,3,4,Профессиональный Инструмент Пламя,115052.08,199520.46,2024-08-17 12:42:28.379313,2024-12-30 12:42:28.379313,False
351,263,3,4,Профессиональный Инструмент Пламя,127835.64,221689.4,2024-12-30 12:42:28.379313,2999-12-31 23:59:59.000000,True
352,264,2,3,Акустический Синтезатор Рабочий,143308.28,195040.51,2026-03-14 06:21:26.804328,2999-12-31 23:59:59.000000,True
353,265,3,2,Профессиональный Синтезатор Развернуться,60637.28,89374.69,2025-11-27 11:14:25.045098,2999-12-31 23:59:59.000000,True
354,266,4,4,Студийный Инструмент Вчера,20744.22,33934.36,2025-05-16 09:42:49.456934,2999-12-31 23:59:59.000000,True
355,267,1,4,Базовый Синтезатор Находить,108483.71,174337.21,2024-07-14 10:56:15.118083,2025-01-27 10:56:15.118083,False
356,267,1,4,Базовый Синтезатор Находить,120537.45,193708.01,2025-01-27 10:56:15.118083,2999-12-31 23:59:59.000000,True
357,268,5,1,Студийный Синтезатор Непривычный,138139.3,175127.82,2025-06-24 14:25:32.223661,2999-12-31 23:59:59.000000,True
358,269,3,3,Профессиональный Усилитель Бок,115361.78,178348.09,2025-06-02 20:18:26.683764,2999-12-31 23:59:59.000000,True
359,270,3,5,Базовый Усилитель Избегать,13671.97,21834.52,2023-11-02 05:42:13.713988,2024-05-08 05:42:13.713988,False
360,270,3,5,Базовый Усилитель Избегать,15191.08,24260.58,2024-05-08 05:42:13.713988,2999-12-31 23:59:59.000000,True
361,271,4,2,Базовый Усилитель Правление,8217.32,13032.98,2023-08-25 12:04:18.795541,2024-04-01 12:04:18.795541,False
362,271,4,2,Базовый Усилитель Правление,9130.35,14481.09,2024-04-01 12:04:18.795541,2999-12-31 23:59:59.000000,True
363,272,2,1,Электронный Комплект Кольцо,33203.59,59171.69,2023-05-29 22:47:52.774832,2023-11-02 22:47:52.774832,False
364,272,2,1,Электронный Комплект Кольцо,36892.88,65746.32,2023-11-02 22:47:52.774832,2999-12-31 23:59:59.000000,True
365,273,4,4,Студийный Инструмент Картинка,69405.09,116653.08,2025-09-13 05:02:08.687121,2999-12-31 23:59:59.000000,True
366,274,4,3,Профессиональный Синтезатор Предоставить,112040.61,135643.25,2025-07-24 11:09:40.086821,2999-12-31 23:59:59.000000,True
367,275,5,1,Профессиональный Усилитель Полностью,144512.52,228694.37,2025-10-27 10:35:00.610432,2999-12-31 23:59:59.000000,True
368,276,4,3,Акустический Инструмент Стакан,122671.71,209350.37,2025-12-06 00:24:11.616385,2999-12-31 23:59:59.000000,True
369,277,5,4,Акустический Синтезатор Мелочь,16190.53,26804.92,2024-07-22 08:31:33.520657,2025-01-25 08:31:33.520657,False
370,277,5,4,Акустический Синтезатор Мелочь,17989.48,29783.24,2025-01-25 08:31:33.520657,2999-12-31 23:59:59.000000,True
371,278,3,5,Базовый Комплект Коробка,95051.08,116672.05,2025-01-28 06:56:12.812573,2025-06-12 06:56:12.812573,False
372,278,3,5,Базовый Комплект Коробка,105612.31,129635.61,2025-06-12 06:56:12.812573,2999-12-31 23:59:59.000000,True
373,279,4,1,Акустический Усилитель Оставить,30192.3,38418.12,2026-01-04 13:03:30.593063,2999-12-31 23:59:59.000000,True
374,280,2,3,Профессиональный Синтезатор Вздрогнуть,7928.55,12526.67,2026-05-01 09:18:00.207063,2999-12-31 23:59:59.000000,True
375,281,4,4,Базовый Усилитель Опасность,21060.77,31576.35,2025-05-30 11:59:03.814575,2999-12-31 23:59:59.000000,True
376,282,4,5,Электронный Усилитель Важный,117381.14,204960.25,2025-11-23 05:47:54.600155,2999-12-31 23:59:59.000000,True
377,283,2,1,Электронный Усилитель Мера,91317.96,127215.62,2025-06-30 00:00:13.868671,2999-12-31 23:59:59.000000,True
378,284,5,2,Акустический Синтезатор Написать,144575.44,257676.08,2025-10-28 16:23:29.104936,2999-12-31 23:59:59.000000,True
379,285,4,5,Базовый Комплект Остановить,126618.09,193559.0,2026-03-05 23:26:37.500588,2999-12-31 23:59:59.000000,True
380,286,5,2,Студийный Набор Функция,94000.97,129190.02,2026-04-18 16:51:21.519509,2999-12-31 23:59:59.000000,True
381,287,2,5,Базовый Комплект Четыре,106842.56,176980.96,2025-09-06 21:30:48.763758,2999-12-31 23:59:59.000000,True
382,288,4,5,Акустический Синтезатор Кидать,109293.67,165431.05,2023-11-28 14:32:04.261598,2024-04-13 14:32:04.261598,False
383,288,4,5,Акустический Синтезатор Кидать,121437.41,183812.28,2024-04-13 14:32:04.261598,2999-12-31 23:59:59.000000,True
384,289,1,2,Акустический Набор Банда,132791.7,213799.18,2024-07-17 07:12:30.769206,2024-11-09 07:12:30.769206,False
385,289,1,2,Акустический Набор Банда,147546.33,237554.64,2024-11-09 07:12:30.769206,2999-12-31 23:59:59.000000,True
386,290,3,2,Базовый Инструмент Передо,54443.68,80116.96,2025-05-28 10:04:12.104173,2999-12-31 23:59:59.000000,True
387,291,5,2,Базовый Синтезатор Скрытый,36401.73,60812.16,2026-02-09 07:13:14.630285,2999-12-31 23:59:59.000000,True
388,292,1,4,Электронный Синтезатор Доставать,143548.59,256305.09,2025-12-19 08:48:08.136917,2999-12-31 23:59:59.000000,True
389,293,1,3,Студийный Усилитель Бригада,130458.64,223901.84,2025-08-24 14:43:31.257690,2999-12-31 23:59:59.000000,True
390,294,3,5,Базовый Усилитель Возбуждение,27246.5,44546.63,2023-10-24 09:04:19.424292,2024-05-25 09:04:19.424292,False
391,294,3,5,Базовый Усилитель Возбуждение,30273.89,49496.26,2024-05-25 09:04:19.424292,2999-12-31 23:59:59.000000,True
392,295,1,2,Студийный Усилитель Прощение,16905.35,20698.58,2023-08-11 18:21:44.419302,2024-01-25 18:21:44.419302,False
393,295,1,2,Студийный Усилитель Прощение,18783.72,22998.42,2024-01-25 18:21:44.419302,2999-12-31 23:59:59.000000,True
394,296,5,3,Профессиональный Комплект Вздрагивать,63435.03,111804.03,2024-08-15 13:58:28.362713,2025-02-13 13:58:28.362713,False
395,296,5,3,Профессиональный Комплект Вздрагивать,70483.37,124226.7,2025-02-13 13:58:28.362713,2999-12-31 23:59:59.000000,True
396,297,5,3,Электронный Усилитель Вчера,82973.87,103196.96,2026-01-29 18:45:49.479015,2999-12-31 23:59:59.000000,True
397,298,2,5,Профессиональный Усилитель Угодный,24746.2,37758.94,2025-10-01 14:09:25.710454,2999-12-31 23:59:59.000000,True
398,299,2,3,Акустический Комплект Банда,44742.58,79202.64,2025-09-17 09:10:50.718967,2999-12-31 23:59:59.000000,True
399,300,5,1,Профессиональный Комплект Радость,67404.42,117465.54,2025-08-23 21:53:49.847893,2999-12-31 23:59:59.000000,True
